PO no.,PI no.,Order Date,Receiving CKD Date,Finishing Date,Shipping Date,LEAD TIME TO FINISH,LEAD TIME TO SHIP,LEAD TIME FROM CKD,Generator Serial no.,Canopy Size,"Freq
50? 60?",Voltage,Genset Size,"Engine
Type",Engine Model,Engine Serial no.,Alternator Type,Alternator Model,Alternator S/No.,Controller Model,Controller S/No.
P03661,9073,01/09/2025,09/08/2025,09/08/2025,09/09/2025,7,8,1,25370010,80-100,50,230/400,(100 / 110) kVA,PERKINS,1104C-44TAG2,RJ51175U758717L,LEROY SOMER,TAL044D,46084300014,DSE 4520 MKII,10719377
P03599,8811,26/08/2025,09/09/2025,09/11/2025,09/11/2025,16,16,3,25370011,350-500,60,220/380,(569 / 625) kVA,CUMMINS,QSZ13G3,93922615,LEROY SOMER,TAL-A473-C J 6S/4,824562005,DSE 6120 MKIII,10851718
P03610,9008,27/08/2025,09/09/2025,09/11/2025,09/11/2025,15,15,3,25370012,350-500,60,220/380,(500 / 550) kVA,CUMMINS,QSZ13G5,93922478,STAMFORD,,A09F193071,DSE 6120 MKIII,10851703
P03610,9008,27/08/2025,09/09/2025,09/11/2025,09/11/2025,15,15,3,25370013,350-500,60,220/380,(500 / 550) kVA,CUMMINS,QSZ13G5,93922475,STAMFORD,,A09F193072,DSE 6120 MKIII,10851451
P03617,8648,27/08/2025,09/10/2025,09/10/2025,09/11/2025,14,15,1,25370014,500 SS,50,230/400,(455 / 500) kVA,CUMMINS,QSZ13G5,93923008,STAMFORD,,A09D170018,DSE 8610 MKII,10930288
P03617,8648,27/08/2025,09/10/2025,09/10/2025,09/11/2025,14,15,1,25370015,500 SS,50,230/400,(455 / 500) kVA,CUMMINS,QSZ13G5,93922498,STAMFORD,,A09D170019,DSE 8610 MKII,10802993
P03650,9063,01/09/2025,09/08/2025,09/11/2025,09/11/2025,10,10,4,25370016,80-100,60,220/380,(90 / 100) kVA,PERKINS,1104A-44TG2,RS51277R061066L,LEROY SOMER,TAL044B,46141700012,DSE 4520 MKII,10891820
P03605,8974,27/08/2025,09/10/2025,09/11/2025,09/11/2025,15,15,2,25370017,180-200,60,220/380,(200 / 220) kVA,PERKINS,1106A-70TAG3,PR83659R047582L,AQT,,0213020/219,DSE 4520 MKII,10891911
P03605,8974,27/08/2025,09/10/2025,09/11/2025,09/11/2025,15,15,2,25370018,180-200,60,220/380,(200 / 220) kVA,PERKINS,1106A-70TAG3,PR83659R047583L,AQT,,0213021/219,DSE 4520 MKII,10891721
P03687,9113,03/09/2025,09/10/2025,09/11/2025,09/11/2025,8,8,2,25370019,300,60,220/380,(251 / 283) kVA,BAUDOUIN,6M16G4D0/S,4924H003608,LEROY SOMER,TAL046D,46141800005,DSE 6120 MKIII,10851258
P03649,9039,01/09/2025,,09/11/2025,09/11/2025,10,10,,25370020,45-60,60,220/380,(53.1 / 58.7) kVA,KUBOTA,V3800-T-E2CB,2SE1030,LEROY SOMER,TAL042F,40082400014,DSE 6120 MKIII,10851500
P03491,8762,19/08/2025,09/10/2025,09/11/2025,09/11/2025,23,23,2,25370021,300,60,220/380,(281 / 313) kVA,PERKINS,1506A-E88TAG3,LGDF1012N21844L,AQT,,0212975/313,DSE 6120 MKIII,10853884
P03662,9041,02/09/2025,,09/11/2025,09/11/2025,9,9,,25370022,20,60,127/220,(18 / 20) kVA,KUBOTA,D1703-E2-BG,7PX4276,LEROY SOMER,TAL040D,46149000109,DSE 4520 MKII,10891874
P03562,8914,25/08/2025,09/10/2025,09/11/2025,09/11/2025,17,17,2,25370023,135-150,60,230/400,(152 / 169) kVA,CUMMINS,6BTAA5.9G2,93474870,BRUSHLESS AC SYNCHRO. ALTERNATOR,,2506479374,DSE 6120 MKIII,10851628
P03667,08041 R2,02/09/2025,09/10/2025,09/11/2025,9/19/2025,9,17,2,25370024,20,50,230/400,(15 / 17) kVA,PERKINS,403A-15G2,GU51794R070903K,LEROY SOMER,TAL040D,46149000092,DSE 4520 MKII,10891965
P03635,7555,29/08/2025,09/10/2025,9/13/2025,9/13/2025,15,15,4,25370025,80-100,60,220/380,(114.4 / 126.5) kVA,PERKINS,1104C-44TAG2,RJ51175R061465L,AQT,A09C167921,0259703/127,DSE 4520 MKII,10891884
P03739,9203,08/09/2025,09/10/2025,9/19/2025,9/19/2025,11,11,10,25370026,20,60,220/380,(24 / 27) kVA,PERKINS,404A-22G1,GV83540U098279L,LEROY SOMER,TAL040F,46149200041,DSE 4520 MKII,10891868
P03739,9203,08/09/2025,09/10/2025,9/19/2025,9/19/2025,11,11,10,25370027,20,60,220/380,(24 / 27) kVA,PERKINS,404A-22G1,GV83540U098282L,LEROY SOMER,TAL040F,46149200112,DSE 4520 MKII,10892010
P03635,7555,29/08/2025,09/10/2025,9/13/2025,9/13/2025,15,15,4,25370028,135-150,60,220/380,(152 / 169) kVA,PERKINS,1106A-70TAG1,PP82576R045785L,AQT,A06I63545,0213502/169,DSE 4520 MKII,10891738
P03742,9404,08/09/2025,09/12/2025,9/13/2025,9/13/2025,5,5,2,25370029,45-60,60,220/380,(68 / 75) kVA,PERKINS,1103A-33TG2,DK32000U634105L,AQT,A06I639219,02122312/075,DSE 4520 MKII,10583808
P03629,8405,29/08/2025,09/12/2025,9/13/2025,9/13/2025,15,15,2,25370030,20,60,220/380,(24 / 27) kVA,KUBOTA,V2203-E2-BG,7RC0572,AQT,A06I630007,02120316/027,DSE 4520 MKII,10817804
P03629,8405,29/08/2025,09/12/2025,9/13/2025,9/13/2025,15,15,2,25370031,20,60,220/380,(24 / 27) kVA,KUBOTA,V2203-E2-BG,7RC0365,AQT,A06I630007,02120317/027,DSE 4520 MKII,10891994
P03629,8405,29/08/2025,09/12/2025,9/13/2025,9/13/2025,15,15,2,25370032,20,60,220/380,(24 / 27) kVA,KUBOTA,V2203-E2-BG,7RC0536,AQT,A06I630007,02120319/027,DSE 4520 MKII,10891894
P03656,9004,01/09/2025,09/12/2025,9/13/2025,9/13/2025,12,12,2,25370033,350-500,60,230/400,(500 / 550) kVA,CUMMINS,QSZ13G5,93922480,STAMFORD,HCI544D1,N25G297571,DSE 7320 MKII,10897620
P03702,9086,04/09/2025,09/12/2025,9/13/2025,9/13/2025,9,9,2,25370034,230-250,60,127/220,(200 / 228) kVA,CUMMINS,6CTAA8.3G2,93472039,STAMFORD,UCI274G14,X24C115444,DSE 6120 MKIII,10851258
P03617,8648,27/08/2025,09/12/2025,9/16/2025,9/16/2025,20,20,5,25380001,250 SS,50,230/400,(180 / 200) kVA,CUMMINS,QSB7G5,95516666,STAMFORD,UCI274G14,X24C115445,DSE 8610 MKII,10802988
P03617,8648,27/08/2025,09/12/2025,9/16/2025,9/16/2025,20,20,5,25380002,250 SS,50,230/400,(180 / 200) kVA,CUMMINS,QSB7G5,95517631,STAMFORD,UCI274G14,X24C115447,DSE 8610 MKII,10802998
P03636,8929,29/08/2025,9/13/2025,9/16/2025,9/16/2025,18,18,4,25380003,45-60,60,220/380,(53.1 / 58.7) kVA,PERKINS,1103A-33TG1,DK32037U637542L,BRUSHLESS AC SYNCHRO. ALTERNATOR,S224G34B2,25060034KS012,DSE 4520 MKII,10891885
P03636,8929,29/08/2025,9/13/2025,9/16/2025,9/16/2025,18,18,4,25380004,45-60,60,220/380,(53.1 / 58.7) kVA,PERKINS,1103A-33TG1,DK32037U637691L,BRUSHLESS AC SYNCHRO. ALTERNATOR,S224G34B2,25060034KS022,DSE 4520 MKII,10952629
P03636,8929,29/08/2025,9/13/2025,9/16/2025,9/16/2025,18,18,4,25380005,45-60,60,220/380,(53.1 / 58.7) kVA,PERKINS,1103A-33TG1,DK32037U637675L,BRUSHLESS AC SYNCHRO. ALTERNATOR,S224G34B2,25060034KS023,DSE 4520 MKII,10952642
P03636,8929,29/08/2025,9/13/2025,9/16/2025,9/16/2025,18,18,4,25380006,45-60,60,220/380,(53.1 / 58.7) kVA,PERKINS,1103A-33TG1,DK32037U637718L,BRUSHLESS AC SYNCHRO. ALTERNATOR,S224G34B2,25060034KS011,DSE 4520 MKII,10952641
P03636,8929,29/08/2025,9/13/2025,9/16/2025,9/16/2025,18,18,4,25380007,45-60,60,220/380,(53.1 / 58.7) kVA,PERKINS,1103A-33TG1,DK32037U632795L,BRUSHLESS AC SYNCHRO. ALTERNATOR,S224G34B2,25060034KS031,DSE 4520 MKII,10952643
P03636,8929,29/08/2025,9/13/2025,9/16/2025,9/16/2025,18,18,4,25380008,45-60,60,220/380,(53.1 / 58.7) kVA,PERKINS,1103A-33TG1,DK32037U632796L,BRUSHLESS AC SYNCHRO. ALTERNATOR,S224G34B2,25060034KS033,DSE 4520 MKII,10952632
P03636,8929,29/08/2025,9/13/2025,9/16/2025,9/16/2025,18,18,4,25380009,45-60,60,220/380,(53.1 / 58.7) kVA,PERKINS,1103A-33TG1,DK83398S086876L,BRUSHLESS AC SYNCHRO. ALTERNATOR,S224G34B2,25060034KS054,DSE 4520 MKII,10617868
P03722,9056,08/09/2025,09/10/2025,9/17/2025,9/19/2025,9,11,8,25380010,20,60,220/380,(24 / 27) kVA,KUBOTA,V2203-E2-BG,7SF2486,LEROY SOMER,TAL040F,46149200113,DSE 4520 MKII,10892014
P03636,8929,29/08/2025,9/16/2025,9/16/2025,9/16/2025,18,18,1,25380011,45-60,60,220/380,(53.1 / 58.7) kVA,PERKINS,1103A-33TG1,DK32037U639271L,BRUSHLESS AC SYNCHRO. ALTERNATOR,S224G34B2,25060034KS156,DSE 4520 MKII,10952634
P03636,8929,29/08/2025,9/16/2025,9/16/2025,9/16/2025,18,18,1,25380012,45-60,60,220/380,(53.1 / 58.7) kVA,PERKINS,1103A-33TG1,DK32037U639229L,BRUSHLESS AC SYNCHRO. ALTERNATOR,S224G34B2,25060034KS158,DSE 4520 MKII,10952633
P03636,8929,29/08/2025,9/16/2025,9/16/2025,9/16/2025,18,18,1,25380013,45-60,60,220/380,(53.1 / 58.7) kVA,PERKINS,1103A-33TG1,DK32037U639232L,BRUSHLESS AC SYNCHRO. ALTERNATOR,S224G34B2,25060034KS157,DSE 4520 MKII,10952624
P03636,8929,29/08/2025,9/16/2025,9/16/2025,9/16/2025,18,18,1,25380014,45-60,60,220/380,(53.1 / 58.7) kVA,PERKINS,1103A-33TG1,DK32037U639246L,BRUSHLESS AC SYNCHRO. ALTERNATOR,S224G34B2,25060034KS154,DSE 4520 MKII,10952644
P03636,8929,29/08/2025,9/16/2025,9/16/2025,9/16/2025,18,18,1,25380015,45-60,60,220/380,(53.1 / 58.7) kVA,PERKINS,1103A-33TG1,DK32037U639254L,BRUSHLESS AC SYNCHRO. ALTERNATOR,S224G34B2,25060034KS155,DSE 4520 MKII,10952621
P03636,8929,29/08/2025,9/16/2025,9/16/2025,9/16/2025,18,18,1,25380016,45-60,60,220/380,(53.1 / 58.7) kVA,PERKINS,1103A-33TG1,DK32037U639252L,BRUSHLESS AC SYNCHRO. ALTERNATOR,S224G34B2,25060034KS159,DSE 4520 MKII,10952631
P03066,7493,15/07/2025,9/13/2025,9/18/2025,9/18/2025,65,65,6,25380017,80-100,60,220/380,(90 / 100) kVA,PERKINS,1104A-44TG2,RS51277R061060L,AQT,A06I639409,0213228/102,DSE 4520 MKII,10952662
P03066,7493,15/07/2025,9/13/2025,9/18/2025,9/18/2025,65,65,6,25380018,80-100,60,220/380,(90 / 100) kVA,PERKINS,1104A-44TG2,RS51277R061064L,AQT,A06I639409,0213225/102,DSE 4520 MKII,10952651
P03683,09202 R1,03/09/2025,09/08/2025,9/17/2025,9/19/2025,14,16,10,25380019,135-150,60,127/220,(114 / 125) kVA,CUMMINS,6BTA5.9-G2,93486029,BRUSHLESS AC SYNCHRO. ALTERNATOR,TWG II 274B,2507438121,DSE 4520 MKII,10891910
P03766,8998,10/09/2025,9/16/2025,9/19/2025,9/19/2025,9,9,4,25380020,45-60,60,220/380,(68 / 75) kVA,PERKINS,1103A-33TG2,DK32000U636297L,LEROY SOMER,TAL042H,39234800044,DSE 4520 MKII,10719373
P03730,09370 R1,08/09/2025,9/16/2025,9/19/2025,9/19/2025,11,11,4,25380021,45-60,60,220/380,(68 / 75) kVA,PERKINS,1103A-33TG2,DK32000U638128L,LEROY SOMER,TAL042H,39234800045,DSE 4520 MKII,10577884
P03731,9378,08/09/2025,9/16/2025,9/19/2025,9/19/2025,11,11,4,25380022,45-60,60,220/380,(35 / 38.2) kVA,PERKINS,1103A-33TG1,DJ32003U632917L,AQT,A06I632510,02120553/038,DSE 4520 MKII,10568306
P03617,8648,27/08/2025,09/12/2025,9/17/2025,9/18/2025,21,22,6,25380023,250 SS,50,230/400,(251 / 283) kVA,CUMMINS,6LTAA8.9G2,93478015,LEROY SOMER,TAL046D,774077004,DSE 8610 MKII,10802997
P03617,8648,27/08/2025,09/12/2025,9/17/2025,9/18/2025,21,22,6,25380024,250 SS,50,230/400,(251 / 283) kVA,CUMMINS,6LTAA8.9G2,93473539,LEROY SOMER,TAL046D,774077003,DSE 8610 MKII,10802992
P03066,7493,15/07/2025,9/13/2025,9/18/2025,9/18/2025,65,65,6,25380025,80-100,60,220/380,(90 / 100) kVA,PERKINS,1104A-44TG2,RS51277U760235L,AQT,A06I639409,0213230/101,DSE 4520 MKII,10952660
P03066,7493,15/07/2025,9/13/2025,9/18/2025,9/18/2025,65,65,6,25380026,80-100,60,220/380,(90 / 100) kVA,PERKINS,1104A-44TG2,RS51277U760223L,AQT,A06I639409,0213226/101,DSE 4520 MKII,10952623
P03066,7493,15/07/2025,9/13/2025,9/18/2025,9/18/2025,65,65,6,25380027,80-100,60,220/380,(90 / 100) kVA,PERKINS,1104A-44TG2,RS51277U760264L,AQT,A06I639409,0213227/102,DSE 4520 MKII,10952639
P03066,7493,15/07/2025,9/13/2025,9/18/2025,9/18/2025,65,65,6,25380028,80-100,60,220/380,(90 / 100) kVA,PERKINS,1104A-44TG2,RS51277U760208L,AQT,A06I639409,0213224/101,DSE 4520 MKII,10952664
P03066,7493,15/07/2025,9/13/2025,9/18/2025,9/18/2025,65,65,6,25380029,80-100,60,220/380,(90 / 100) kVA,PERKINS,1104A-44TG2,RS51277U760246L,AQT,A06I639409,0213229/101,DSE 4520 MKII,10075077
P03066,7493,15/07/2025,9/13/2025,9/18/2025,9/18/2025,65,65,6,25380030,80-100,60,220/380,(114 / 125) kVA,PERKINS,1104C-44TG2,RJ51175R061217L,AQT,A09C167921,0259731/127,DSE 4520 MKII,10952653
P03066,7493,15/07/2025,9/13/2025,9/18/2025,9/18/2025,65,65,6,25380031,80-100,60,220/380,(114 / 125) kVA,PERKINS,1104C-44TG2,RJ51175R061219L,AQT,A09C167921,0259003/127,DSE 4520 MKII,10952654
P03066,7493,15/07/2025,9/13/2025,9/18/2025,9/18/2025,65,65,6,25380032,80-100,60,220/380,(114 / 125) kVA,PERKINS,1104C-44TG2,RJ51175U756616L,AQT,A09C167921,0259718/127,DSE 4520 MKII,10952650
P03066,7493,15/07/2025,9/13/2025,9/18/2025,9/18/2025,65,65,6,25380033,80-100,60,220/380,(114 / 125) kVA,PERKINS,1104C-44TG2,RJ51175U756588L,AQT,A09C167921,0259733/127,DSE 4520 MKII,10891722
P03766,8998,10/09/2025,9/16/2025,9/19/2025,9/19/2025,9,9,4,25380034,45-60,60,220/380,(68 / 75) kVA,PERKINS,1103A-33TG2,DK32000U634037L,LEROY SOMER,TAL042H,45685100035,DSE 6120 MKIII,10854253
P03766,8998,10/09/2025,9/16/2025,9/19/2025,9/19/2025,9,9,4,25380035,45-60,60,220/380,(68 / 75) kVA,PERKINS,1103A-33TG2,DK32000U634794L,LEROY SOMER,TAL042H,45685100034,DSE 6120 MKIII,10854249
P03766,8998,10/09/2025,9/16/2025,9/19/2025,9/19/2025,9,9,4,25380036,45-60,60,220/380,(68 / 75) kVA,PERKINS,1103A-33TG2,DK32000U634038L,LEROY SOMER,TAL042H,45685100036,DSE 6120 MKIII,10854250
P03766,8998,10/09/2025,9/16/2025,9/19/2025,9/19/2025,9,9,4,25380037,45-60,60,220/380,(68 / 75) kVA,PERKINS,1103A-33TG2,DK32000U634094L,LEROY SOMER,TAL042H,45685100037,DSE 6120 MKIII,10854246
P03636,8929,29/08/2025,9/17/2025,9/19/2025,9/19/2025,21,21,3,25380038,45-60,60,220/380,(53.1 / 58.7) kVA,PERKINS,1103A-33TG1,DK32037U638227L,BRUSHLESS AC SYNCHRO. ALTERNATOR,S224G34B2,25010034KS045,DSE 4520 MKII,10952620
P03636,8929,29/08/2025,9/17/2025,9/19/2025,9/19/2025,21,21,3,25380039,45-60,60,220/380,(53.1 / 58.7) kVA,PERKINS,1103A-33TG1,DK32037U637564L,BRUSHLESS AC SYNCHRO. ALTERNATOR,S224G34B2,25060034KS041,DSE 4520 MKII,10952659
P03636,8929,29/08/2025,9/17/2025,9/19/2025,9/19/2025,21,21,3,25380040,45-60,60,220/380,(53.1 / 58.7) kVA,PERKINS,1103A-33TG1,DK32037U637022L,BRUSHLESS AC SYNCHRO. ALTERNATOR,S224G34B2,25060034KS009,DSE 4520 MKII,10952622
P03636,8929,29/08/2025,9/17/2025,9/19/2025,9/19/2025,21,21,3,25380041,45-60,60,220/380,(53.1 / 58.7) kVA,PERKINS,1103A-33TG1,DK32037U637053L,BRUSHLESS AC SYNCHRO. ALTERNATOR,S224G34B2,25060034KS040,DSE 4520 MKII,10952619
P03636,8929,29/08/2025,9/17/2025,9/19/2025,9/19/2025,21,21,3,25380042,45-60,60,220/380,(53.1 / 58.7) kVA,PERKINS,1103A-33TG1,DK32037U637045L,BRUSHLESS AC SYNCHRO. ALTERNATOR,S224G34B2,25060034KS018,DSE 4520 MKII,10952661
P03636,8929,29/08/2025,9/17/2025,9/19/2025,9/19/2025,21,21,3,25380043,45-60,60,220/380,(53.1 / 58.7) kVA,PERKINS,1103A-33TG1,DK32037U636993L,BRUSHLESS AC SYNCHRO. ALTERNATOR,S224G34B2,25060034KS042,DSE 4520 MKII,10952852
P03636,8929,29/08/2025,9/17/2025,9/19/2025,9/19/2025,21,21,3,25380044,45-60,60,220/380,(53.1 / 58.7) kVA,PERKINS,1103A-33TG1,DK32037U637028L,BRUSHLESS AC SYNCHRO. ALTERNATOR,S224G34B2,25010034KS059,DSE 4520 MKII,10952663
P03636,8929,29/08/2025,9/17/2025,9/19/2025,9/19/2025,21,21,3,25380045,45-60,60,220/380,(53.1 / 58.7) kVA,PERKINS,1103A-33TG1,DK32037U638193L,BRUSHLESS AC SYNCHRO. ALTERNATOR,S224G34B2,25060034KS030,DSE 4520 MKII,10952652
P03636,8929,29/08/2025,9/17/2025,9/19/2025,9/19/2025,21,21,3,25380046,45-60,60,220/380,(53.1 / 58.7) kVA,PERKINS,1103A-33TG1,DK32037U638189L,BRUSHLESS AC SYNCHRO. ALTERNATOR,S224G34B2,25060034KS035,DSE 4520 MKII,10952630
P03636,8929,29/08/2025,9/17/2025,9/19/2025,9/19/2025,21,21,3,25380047,45-60,60,220/380,(53.1 / 58.7) kVA,PERKINS,1103A-33TG1,DK32037U637557L,BRUSHLESS AC SYNCHRO. ALTERNATOR,S224G34B2,25060034KS019,DSE 4520 MKII,10952916
P03636,8929,29/08/2025,9/17/2025,9/19/2025,9/19/2025,21,21,3,25380048,45-60,60,220/380,(53.1 / 58.7) kVA,PERKINS,1103A-33TG1,DK32037U637021L,BRUSHLESS AC SYNCHRO. ALTERNATOR,S224G34B2,25060034KS043,DSE 4520 MKII,10952909
P03636,8929,29/08/2025,9/17/2025,9/19/2025,9/19/2025,21,21,3,25380049,45-60,60,220/380,(53.1 / 58.7) kVA,PERKINS,1103A-33TG1,DK32037U637014L,BRUSHLESS AC SYNCHRO. ALTERNATOR,S224G34B2,25060033KS006,DSE 4520 MKII,10952849
P03775,9522,11/09/2025,9/18/2025,9/19/2025,9/20/2025,8,9,2,25380050,230-250,50,230/400,(271 / 302) kVA,CUMMINS,6LTAA9.5G3,93476001,AQT,A06I639238,0213038/300,DSE 6120 MKIII,10851720
P03826,9632,17/09/2025,9/19/2025,9/19/2025,9/19/2025,2,2,1,25380051,45-60,60,220/380,(68 / 75) kVA,PERKINS,1103A-33TG2,DK32000U639377L,AQT,A06I639171,0212241/075,DSE 4520 MKII,10952915
P03676,07291 R1,03/09/2025,09/12/2025,9/19/2025,9/20/2025,16,17,8,25380052,300,60,220/380,(313 / 344) kVA,CUMMINS,6LTAA9.5G1,93485669,BRUSHLESS AC SYNCHRO. ALTERNATOR,TWG II 314C,2505548294,DSE 6120 MKIII,10854006
P03675,05374 R2,03/09/2025,9/17/2025,9/20/2025,9/20/2025,17,17,4,25380053,350-500,60,230/400,(569 / 625) kVA,CUMMINS,QSZ13G3,93921868,STAMFORD,HCI544D1,N25G297570,DSE 7320 MKII,10897425
P03721,08396 R1,08/09/2025,9/17/2025,9/20/2025,9/20/2025,12,12,4,25380054,350-500 OPEN,60,230/400,(569 / 625) kVA,CUMMINS,QSZ13G3,93921866,STAMFORD,HCI544D,A17J423816,DSE 7320 MKII,10897689
P03707,9286,06/09/2025,9/20/2025,9/20/2025,9/20/2025,14,14,1,25380055,135-150,60,220/380,(152 / 169) kVA,PERKINS,1106A-70TAG1,PP82576U094841K,AQT,A06I63545,02135603/169,DSE 4520 MKII,10952844
P03802,9451,15/09/2025,9/20/2025,9/20/2025,9/20/2025,5,5,1,25380056,135-150,60,220/380,(114 / 125) kVA,CUMMINS,6BTA5.9-G2,93470895,LEROY SOMER,TAL044D,46084400004,DSE 7320 MKII,10556516
P03738,8833,08/09/2025,9/17/2025,9/19/2025,9/20/2025,11,12,3,25380057,30,60,220/380,(36 / 40) kVA,KUBOTA,V3300-E2-BG,2NU2781,LEROY SOMER,TAL042C,45433800017,DSE 4520 MKII,10952640
P03712,9292,06/09/2025,09/12/2025,9/19/2025,,13,,8,25380058,45-60,50,230/400,(60 / 66) kVA,CUMMINS,4BTA3.9G2,93444182,AQT,A06I639503,0212004/066,DSE 4520 MKII,10952649
P03704,9083,04/09/2025,9/20/2025,9/22/2025,9/24/2025,18,20,3,25390001,180-200,60,220/380,(200 / 220) kVA,PERKINS,1106A-70TAG4,PR83546R044944K,BRUSHLESS AC SYNCHRO. ALTERNATOR,A06I639168,0213024/219,DSE 4520 MKII,10952827
P03704,9083,04/09/2025,9/20/2025,9/22/2025,9/24/2025,18,20,3,25390002,180-200,60,220/380,(200 / 220) kVA,PERKINS,1106A-70TAG4,PR83546R044943K,BRUSHLESS AC SYNCHRO. ALTERNATOR,A06I639168,0213025/219,DSE 4520 MKII,10952914
P03703-A,9068,04/09/2025,9/20/2025,9/22/2025,9/24/2025,18,20,3,25390003,180-200,60,127/220,(180 / 200) kVA,BAUDOUIN,6M11G4D0/S,4824J003369,BRUSHLESS AC SYNCHRO. ALTERNATOR,S274G120C5,25050120KS025,DSE 6120 MKIII,10854163
P03831,9592,17/09/2025,9/20/2025,9/22/2025,9/24/2025,5,7,3,25390004,20,60,220/380,(24 / 27) kVA,PERKINS,404D-22G1,GN83537U095382L,AQT,A06I630007,02120318/027,DSE 4520 MKII,10952843
P03703-A,9068,04/09/2025,9/20/2025,9/22/2025,9/24/2025,18,20,3,25390005,30,60,127/220,(22.5 / 25) kVA,BAUDOUIN,4M06G2D0/S,5624K014153,BRUSHLESS AC SYNCHRO. ALTERNATOR,S184G18D7,25060018KS015,DSE 4520 MKII,10952839
P03703-A,9068,04/09/2025,9/20/2025,9/22/2025,9/24/2025,18,20,3,25390006,30,60,127/220,(22.5 / 25) kVA,BAUDOUIN,4M06G2D0/S,5624J012765,BRUSHLESS AC SYNCHRO. ALTERNATOR,S184G18D7,25060018KS023,DSE 4520 MKII,10952843
P03803,9529,15/09/2025,9/20/2025,9/22/2025,9/24/2025,7,9,3,25390007,30,60,220/380,(36 / 40) kVA,KUBOTA,V3300-E2-BG,2SC4891,LEROY SOMER,TAL042C,46149100054,DSE 4520 MKII,10952839
P03811,9594,15/09/2025,9/22/2025,9/23/2025,9/24/2025,8,9,2,25390008,9-20 OPEN,60,220/380,(18 / 20) kVA,PERKINS,403A-15G2,GU51794R070904K,AQT,A0/K911384,0234557/020,DSE 4520 MKII,10952826
P03811,9594,15/09/2025,9/22/2025,9/23/2025,9/24/2025,8,9,2,25390009,9-20 OPEN,60,220/380,(18 / 20) kVA,PERKINS,403A-15G2,GU51794R070926K,AQT,A0/K911384,0234553/020,DSE 4520 MKII,10952912
P03811,9594,15/09/2025,9/22/2025,9/23/2025,9/24/2025,8,9,2,25390010,9-20 OPEN,60,220/380,(18 / 20) kVA,PERKINS,403A-15G2,GU51794U096628L,AQT,A0/K911384,0234552/020,DSE 4520 MKII,10952851
P03779,9268,11/09/2025,9/22/2025,9/24/2025,9/24/2025,13,13,3,25390011,80-100,50,230/400,(80 / 88) kVA,PERKINS,1104A-44TG2,RS51277U760227L,LEROY SOMER,TAL044B,46141700039,DSE 4520 MKII,10952828
P03761,9287,10/09/2025,9/22/2025,9/25/2025,9/25/2025,15,15,4,25390012,750-800,60,220/380,(688 / 750) kVA,CUMMINS,QSK19G5,41389846,STAMFORD,HCI534E1,N25F254615,DSE 7320 MKII,10897800
P03761,9287,10/09/2025,9/22/2025,9/25/2025,9/25/2025,15,15,4,25390013,750-800,60,220/380,(688 / 750) kVA,CUMMINS,QSK19G5,41389847,STAMFORD,HCI534E1,N25F254653,DSE 7320 MKII,10897629
P03761,9287,10/09/2025,9/22/2025,9/25/2025,9/25/2025,15,15,4,25390014,750-800,60,220/380,(688 / 750) kVA,CUMMINS,QSK19G5,41389849,STAMFORD,HCI534E1,N25F254632,DSE 7320 MKII,10897634
P03823,9643,17/09/2025,9/24/2025,9/24/2025,9/24/2025,7,7,1,25390015,350-500 OPEN,60,220/380,(344 / 395) kVA,CUMMINS,QSL9G5,84562637,LEROY SOMER,TAL046F,45218900014,DSE 6120 MKIII,10854158
P03823,9643,17/09/2025,9/24/2025,9/24/2025,9/24/2025,7,7,1,25390016,350-500 OPEN,60,220/380,(344 / 395) kVA,CUMMINS,QSL9G5,84560989,LEROY SOMER,TAL046F,45218900011,DSE 6120 MKIII,10854159
P03760,6226,,9/25/2025,9/25/2025,9/25/2025,,,1,25390017,700-800 OPEN,60,230/400,(826 / 909) kVA,PERKINS,2806A-E18TTAG5,JGEF8099N02528L,LEROY SOMER,TALA49B,842332001,DSE 7320 MKII,10897720
P03761,9287,10/09/2025,9/23/2025,9/25/2025,9/25/2025,15,15,3,25390018,350-500,60,220/380,(479 / 523) kVA,CUMMINS,QSG12-G4,77832970,STAMFORD,HCI544D1,N25G297398,DSE 7320 MKII,10897683
P03741,9405,08/09/2025,9/23/2025,9/25/2025,9/25/2025,17,17,3,25390019,600-650 OPEN,60,220/380,(569 / 625) kVA,CUMMINS,KTA19G4,25506341,LEROY SOMER,TAL0473C,45735200012,DSE 6120 MKIII,10851722
P03777,9178,11/09/2025,9/25/2025,9/27/2025,9/30/2025,16,19,3,25390020,180-200,60,220/380,(200 / 220) kVA,PERKINS,1106A-70TAG3,PR83659U096836L,AQT,A06I639168,0213024/219,DSE 4520 MKII,10952892
P03834,9658,17/09/2025,9/25/2025,9/27/2025,9/30/2025,10,13,3,25390021,80-100,60,220/380,(90 / 100) kVA,CUMMINS,4BTA3.9G11,93444180,LEROY SOMER,TAL044B,46141700049,DSE 4520 MKII,10952835
P03872,9776,22/09/2025,9/25/2025,9/27/2025,9/27/2025,5,5,3,25390022,180-200,50,230/400,(200 / 220) kVA,PERKINS,1106A-70TAG4,PR83546R045194K,AQT,A06I639168,0213021/220,DSE 4520 MKII,10952721
P03777,9178,11/09/2025,9/25/2025,9/27/2025,9/30/2025,16,19,3,25390023,180-200,60,220/380,(152 / 169) kVA,PERKINS,1106A-70TAG1,PR83526R046440L,AQT,A06I63545,0213503/169,DSE 4520 MKII,10952830
P03861,1449,22/09/2025,9/26/2025,9/27/2025,10/09/2025,5,17,2,25390024,45-60,60,220/380,(68 / 75) kVA,PERKINS,1103A-33TG2,DK32000U639322L,AQT,A06I639171,0212240/075,DSE 4520 MKII,10952833
P03777,9178,11/09/2025,9/26/2025,9/27/2025,9/30/2025,16,19,2,25390025,80-100,60,220/380,(114 / 125) kVA,PERKINS,1104C-44TAG2,RJ51175U758477L,AQT,A09C167921,0259705/126,DSE 4520 MKII,10952863
P03757,9021,09/09/2025,9/26/2025,9/29/2025,9/30/2025,20,21,4,25400001,500 SS,50,230/400,(455 / 500) kVA,CUMMINS,QSZ13G5,93921864,STAMFORD,HCI544D1,N25G297388,DSE 8610 MKII,10802981
P03757,9021,09/09/2025,9/26/2025,9/29/2025,9/30/2025,20,21,4,25400002,500 SS,50,230/400,(455 / 500) kVA,CUMMINS,QSZ13G5,93921861,STAMFORD,HCI544D1,N25G297615,DSE 8610 MKII,10802987
P03845,8022,18/09/2025,9/29/2025,9/30/2025,9/30/2025,12,12,2,25400003,135-150,60,220/380,(152 / 169) kVA,PERKINS,1106A-70TAG1,PP82576U094755K,LEROY SOMER,TAL044H,40518300010,DSE 4520 MKII,10952854
P03908,9817,25/09/2025,9/29/2025,9/30/2025,9/30/2025,5,5,2,25400004,300,60,220/380,(313 / 344) kVA,CUMMINS,6LTAA9.5G1,93485656,BRUSHLESS AC SYNCHRO. ALTERNATOR,LYG314DC,2523044,DSE 7320 MKII,10897775
P03845,8022,18/09/2025,9/29/2025,9/30/2025,9/30/2025,12,12,2,25400005,80-100,60,220/380,(114 / 125) kVA,PERKINS,1104C-44TAG2,RJ51175U758431L,LEROY SOMER,TAL044D,46084300012,DSE 4520 MKII,10952902
P03876,9765,23/09/2025,9/29/2025,9/30/2025,9/30/2025,7,7,2,25400006,45-60,60,220/380,(68 / 75) kVA,CUMMINS,4BTA3.9G2,93444173,LEROY SOMER,TAL042H,46154800038,DSE 4520 MKII,10952905
P03876,9765,23/09/2025,9/29/2025,9/30/2025,9/30/2025,7,7,2,25400007,45-60,60,220/380,(68 / 75) kVA,CUMMINS,4BTA3.9G2,93444182,LEROY SOMER,TAL042H,46154800039,DSE 4520 MKII,10952649
P03774,6866,11/09/2025,9/29/2025,10/01/2025,,20,,3,25400008,80-100,50,230/400,(80 / 88) kVA,PERKINS,1104C-44TAG2,RS51277U756435L,AQT,A06I643633,0213355/088,DSE 4520 MKII,10952732
P03712,9292,06/09/2025,09/12/2025,9/19/2025,,13,,8,25400009,80-100,50,230/400,(60 / 66) kVA,CUMMINS,4BTA3.9G2,72074728,AQT,A06I639503,0212004/066,DSE 4520 MKII,10952859
P03706,9053,04/09/2025,9/30/2025,10/02/2025,10/02/2025,28,28,3,25400010,750-800,60,220/380,(826 / 909) kVA,PERKINS,2806A-E18TTAG5,JGEF8099N02541L,STAMFORD,S6L1D-C41,N25H3291.16,DSE 6120 MKIII,10854160
P03706,9053,04/09/2025,9/30/2025,10/02/2025,10/02/2025,28,28,3,25400011,750-800,60,220/380,(826 / 909) kVA,PERKINS,2806A-E18TTAG5,JGEF8099N02543L,STAMFORD,S6L1D-C41,N25E201945,DSE 6120 MKIII,10851722
P03757,9021,09/09/2025,10/01/2025,10/03/2025,10/03/2025,24,24,3,25400012,250 SS,50,230/400,(320 / 350) kVA,CUMMINS,6LTAA9.5G1,93472999,LEROY SOMER,TAL046F,46142300009,DSE 8610 MKII,10902659
P03757,9021,09/09/2025,10/01/2025,10/03/2025,10/03/2025,24,24,3,25400013,250 SS,50,230/400,(320 / 350) kVA,CUMMINS,6LTAA9.5G1,93485664,LEROY SOMER,TAL046F,46142400001,DSE 8610 MKII,10802982
P03706,9053,04/09/2025,10/01/2025,10/03/2025,10/03/2025,29,29,3,25400014,750-800,60,220/380,(826 / 909) kVA,PERKINS,2806A-E18TTAG5,JGEF8099N02536L,STAMFORD,S6L1D-C41,N25H329401,DSE 6120 MKIII,10854162
P03706,9053,04/09/2025,10/01/2025,10/03/2025,10/03/2025,29,29,3,25400015,750-800,60,220/380,(826 / 909) kVA,PERKINS,2806A-E18TTAG5,JGEF8099N02527L,STAMFORD,S6L1D-C41,N25H329127,DSE 6120 MKIII,10854165
P03757,9021,09/09/2025,10/02/2025,10/06/2025,10/07/2025,27,28,5,25410001,250 SS,50,230/400,(250 / 275) kVA,CUMMINS,6LTAA8.9G2,93478023,LEROY SOMER,TAL046D,46142100009,DSE 8610 MKII,10802996
P03757,9021,09/09/2025,10/02/2025,10/06/2025,10/07/2025,27,28,5,25410002,250 SS,50,230/400,(250 / 275) kVA,CUMMINS,6LTAA8.9G2,93473555,LEROY SOMER,TAL046D,46142100001,DSE 8610 MKII,10802986
P03619,8918,28/08/2025,9/19/2025,9/19/2025,9/19/2025,22,22,1,R25380059,Tower Light,60,230 V,(5 / 6) kva,KUBOTA,Z482,4RJ8810,Linz,ALUMEN MD,E1C13102760,DSE 4520 MKII,10953042
P03619,8918,28/08/2025,9/19/2025,9/19/2025,9/19/2025,22,22,1,R25380060,Tower Light,60,230 V,(5 / 6) kva,KUBOTA,Z482,4RJ9682,Linz,ALUMEN MD,E1C13102759,DSE 4520 MKII,10953064
P03619,8918,28/08/2025,9/19/2025,9/19/2025,9/19/2025,22,22,1,R25380061,Tower Light,60,230 V,(5 / 6) kva,KUBOTA,Z482,4RJ9674,Linz,ALUMEN MD,E1C13102758,DSE 4520 MKII,10953049
P03619,8918,28/08/2025,9/19/2025,9/19/2025,9/19/2025,22,22,1,R25380062,Tower Light,60,230 V,(5 / 6) kva,KUBOTA,Z482,4RJ8809,Linz,ALUMEN MD,E1C13102762,DSE 4520 MKII,10953062
P03619,8918,28/08/2025,9/19/2025,9/19/2025,9/19/2025,22,22,1,R25380063,Tower Light,60,230 V,(5 / 6) kva,KUBOTA,Z482,4RJ9673,Linz,ALUMEN MD,E1C13102779,DSE 4520 MKII,10953020
P03619,8918,28/08/2025,9/19/2025,9/19/2025,9/19/2025,22,22,1,R25380064,Tower Light,60,230 V,(5 / 6) kva,KUBOTA,Z482,4RJ9675,Linz,ALUMEN MD,E1C13102761,DSE 4520 MKII,10953040
P03619,8918,28/08/2025,9/19/2025,9/19/2025,9/19/2025,22,22,1,R25380065,Tower Light,60,230 V,(5 / 6) kva,KUBOTA,Z482,4RJ9671,Linz,ALUMEN MD,E1C13102791,DSE 4520 MKII,10953039
P03619,8918,28/08/2025,9/19/2025,9/19/2025,9/19/2025,22,22,1,R25380066,Tower Light,60,230 V,(5 / 6) kva,KUBOTA,Z482,4RJ9680,Linz,ALUMEN MD,E1C13102766,DSE 4520 MKII,10953065
P03619,8918,28/08/2025,9/19/2025,9/19/2025,9/19/2025,22,22,1,R25380067,Tower Light,60,230 V,(5 / 6) kva,KUBOTA,Z482,4RJ9683,Linz,ALUMEN MD,E1C13102763,DSE 4520 MKII,10953030
P03619,8918,28/08/2025,9/19/2025,9/19/2025,9/19/2025,22,22,1,R25380068,Tower Light,60,230 V,(5 / 6) kva,KUBOTA,Z482,4RJ9685,Linz,ALUMEN MD,E1C13102778,DSE 4520 MKII,10953029
P03875,9790,22/09/2025,10/09/2025,10/09/2025,10/09/2025,17,17,1,R25410003,Tower Light,60,230 V,(10.7 / 12.1) kVA,KUBOTA,D1105-E2-BG,1RY9841,CHINA,LK164B,25151036,DSE 4520 MKII,10952677
P03875,9790,22/09/2025,10/09/2025,10/09/2025,10/09/2025,17,17,1,R25410004,Tower Light,60,230 V,(10.7 / 12.1) kVA,KUBOTA,D1105-E2-BG,1RQ5135,CHINA,LK164B,25151028,DSE 4520 MKII,10816833
P03875,9790,22/09/2025,10/09/2025,10/09/2025,10/09/2025,17,17,1,R25410005,Tower Light,60,230 V,(10.7 / 12.1) kVA,KUBOTA,D1105-E2-BG,1RY9842,CHINA,LK164B,25151050,DSE 4520 MKII,10952696
P03875,9790,22/09/2025,10/09/2025,10/09/2025,10/09/2025,17,17,1,R25410006,Tower Light,60,230 V,(10.7 / 12.1) kVA,KUBOTA,D1105-E2-BG,1RY9843,CHINA,LK164B,25151049,DSE 4520 MKII,10765849
P03875,9790,22/09/2025,10/09/2025,10/09/2025,10/09/2025,17,17,1,R25410007,Tower Light,60,230 V,(10.7 / 12.1) kVA,KUBOTA,D1105-E2-BG,1RY9844,CHINA,LK164B,25151075,DSE 4520 MKII,10922562
P03875,9790,22/09/2025,10/09/2025,10/09/2025,10/09/2025,17,17,1,R25410008,Tower Light,60,230 V,(10.7 / 12.1) kVA,KUBOTA,D1105-E2-BG,1RZ1124,CHINA,LK164B,25151061,DSE 4520 MKII,10816839
P03875,9790,22/09/2025,10/09/2025,10/09/2025,10/09/2025,17,17,1,R25410009,Tower Light,60,230 V,(10.7 / 12.1) kVA,KUBOTA,D1105-E2-BG,1RZ1123,CHINA,LK164B,25151037,DSE 4520 MKII,10953124
P03875,9790,22/09/2025,10/09/2025,10/09/2025,10/09/2025,17,17,1,R25410010,Tower Light,60,230 V,(10.7 / 12.1) kVA,KUBOTA,D1105-E2-BG,1RY9877,CHINA,LK164B,25151055,DSE 4520 MKII,10765846
P03875,9790,22/09/2025,10/09/2025,10/09/2025,10/09/2025,17,17,1,R25410011,Tower Light,60,230 V,(10.7 / 12.1) kVA,KUBOTA,D1105-E2-BG,1RQ5138,CHINA,LK164B,25151057,DSE 4520 MKII,10778516
P03973,10022,01/10/2025,10/09/2025,10/09/2025,10/09/2025,8,8,1,R25410012,Tower Light,60,230 V,(10.7 / 12.1) kVA,KUBOTA,D1105-E2-BG,1RY9876,LEROY SOMER, TAL040C,45053700048,DSE 4520 MKII,10816708
P03875,9790,22/09/2025,10/09/2025,10/09/2025,10/09/2025,17,17,1,R25410013,Tower Light,60,230 V,(10.7 / 12.1) kVA,KUBOTA,D1105-E2-BG,1RR2269,CHINA,LK164B,25051056,DSE 4520 MKII,10922558
STOCK,,09/10/2025,10/09/2025,10/09/2025,10/09/2025,0,0,1,R25410014,Tower Light,,,(10.7 / 12.1) kVA,KUBOTA,D1105-E2-BG,1RZ1122,CHINA,LK164B,25051054,DSE 4520 MKII,10816844
P03973,10022,01/10/2025,10/09/2025,10/09/2025,10/09/2025,8,8,1,R25410015,Tower Light,60,230 V,(10.7 / 12.1) kVA,KUBOTA,D1105-E2-BG,1RY9875,LEROY SOMER, TAL040C,45053700046,DSE 4520 MKII,10817055
P03973,10022,01/10/2025,10/09/2025,10/09/2025,10/09/2025,8,8,1,R25410016,Tower Light,60,230 V,(10.7 / 12.1) kVA,KUBOTA,D1105-E2-BG,1RY9878,LEROY SOMER, TAL040C,45053700047,DSE 4520 MKII,10816842
STOCK,,09/10/2025,10/09/2025,10/09/2025,10/09/2025,0,0,1,R25410022,Tower Light,,,(10.7 / 12.1) kVA,KUBOTA,D1105-E2-BG,1RZ1121,CHINA,LK164B,25051073,DSE 4520 MKII,10952687
SAMPLE,,09/10/2025,10/09/2025,10/09/2025,10/09/2025,0,0,1,R25410021,Tower Light,60,230 V,(13 / 15) kVA,KUBOTA,V1505-E2-BG,1RJ8803,BRUSHLESS AC SYNCHRO. ALTERNATOR, S 164G108B3,18110010.8KS009,DSE 4520 MKII,
P03909,9818,06/10/2025,10/06/2025,10/08/2025,10/09/2025,2,3,3,25410017,300,60,220/380,(313 / 344) kVA,CUMMINS,6LTAA9.5G1,93482218,BRUSHLESS AC SYNCHRO. ALTERNATOR,LYG314DC,2523042,DSE 7320 MKII,10897482
P03910,9819,06/10/2025,10/06/2025,10/08/2025,10/09/2025,2,3,3,25410018,300,60,220/380,(313 / 344) kVA,CUMMINS,6LTAA9.5G1,93485663,BRUSHLESS AC SYNCHRO. ALTERNATOR,LYG314DC,2523044,DSE 7320 MKII,10897478
P03881,9514,23/09/2025,10/06/2025,10/08/2025,10/17/2025,15,24,3,25410019,750-800,50,230/400,(650 / 715) kVA,CUMMINS,QSK19G4,41385894,STAMFORD,HCI534E1,N25F254656,DSE 6120 MKIII,10938578
P03906,9838,03/10/2025,10/02/2025,10/04/2025,10/09/2025,1,6,3,25410020,30-60 OPEN,50,230/415,(30 / 33) kVA,PERKINS,1103A-33TG1,DJ83400S086788L,LEROY SOMER,TAL042C,46149100040,DSE 4520 MKII,10952701
P03914,9059,08/10/2025,10/08/2025,10/09/2025,10/09/2025,1,1,2,25410023,135-150,60,220/380,(152 / 169) kVA,PERKINS,1106A-70TAG1,PP82576U094842K,LEROY SOMER,TAL044H,40518300003,DSE 4520 MKII,10952694
P03915,9903,08/10/2025,10/08/2025,10/09/2025,10/09/2025,1,1,2,25410024,80-100,60,220/380,(114.4 / 126.5) kVA,PERKINS,1104C-44TAG2,RJ51175R062159L,BRUSHLESS AC SYNCHRO. ALTERNATOR,S274G80B1,25060080KS046,DSE 4520 MKII,10891802
P04032,9948,08/10/2025,10/08/2025,10/09/2025,10/09/2025,1,1,2,25410025,80-100,60,230/400,(114.4 / 126.5) kVA,PERKINS,1104C-44TAG2,RJ51175R062161L,LEROY SOMER,TAL044D,46084300019,DSE 6120 MKIII,10938595
P03953,8258,29/09/2025,10/08/2025,10/13/2025,10/14/2025,14,15,6,25410026,30,50,230/400,(22.5 / 25) kVA,BAUDOUIN,4M06G2D0/S,5624K015100,BRUSHLESS AC SYNCHRO. ALTERNATOR,S184G18D7,25060018KS014,DSE 4520 MKII,10952690
P03981,10050,08/10/2025,10/08/2025,10/09/2025,10/09/2025,1,1,2,25410027,45-60,60,220/380,(68 / 75) kVA,PERKINS,1103A-33TG2,DK32000U639380L,AQT,A06I639171,0212238/075,DSE 4520 MKII,10952683
P03894,9845,24/09/2025,10/08/2025,10/10/2025,10/10/2025,16,16,3,25410028,300,50,230/400,(250 / 275) kVA,PERKINS,1206A-E70TTAG3,BP84126U009490K,LEROY SOMER,TAL046D,46142000006,DSE 6120 MKIII,10938560
P03913,9772,25/09/2025,10/09/2025,10/11/2025,10/11/2025,16,16,3,25410029,45-60,50,230/415,(45 / 50) kVA,KUBOTA,V3800-DI-T-E2B,KSJ1376,LEROY SOMER,TAL042H,46154800013,DSE 6120 MKIII,10938582
P03913,9772,25/09/2025,10/09/2025,10/11/2025,10/11/2025,16,16,3,25410030,45-60,50,230/415,(45 / 50) kVA,KUBOTA,V3800-DI-T-E2B,KSJ1332,LEROY SOMER,TAL042H,46154800041,DSE 6120 MKIII,10938586
P03913,9772,25/09/2025,10/09/2025,10/11/2025,10/11/2025,16,16,3,25410031,20,50,230/415,(20 / 22) kVA,KUBOTA,V2203-E2-BG,7SJ8599,LEROY SOMER,TAL040F,45682800053,DSE 6120 MKIII,10938570
P03913,9772,25/09/2025,10/09/2025,10/11/2025,10/11/2025,16,16,3,25410032,20,50,230/415,(20 / 22) kVA,KUBOTA,V2203-E2-BG,7SJ8501,LEROY SOMER,TAL040F,45682800050,DSE 6120 MKIII,10938568
P03913,9772,25/09/2025,10/09/2025,10/11/2025,10/11/2025,16,16,3,25410033,30,50,230/415,(30 / 33) kVA,KUBOTA,V3300-E2-BG,2NU0719,LEROY SOMER,TAL042C,46149100041,DSE 6120 MKIII,10938590
P03913,9772,25/09/2025,10/09/2025,10/11/2025,10/11/2025,16,16,3,25410034,30,50,230/415,(30 / 33) kVA,KUBOTA,V3300-E2-BG,2NU0033,LEROY SOMER,TAL042C,46149100042,DSE 6120 MKIII,10938575
P03953,8258,29/09/2025,10/08/2025,10/13/2025,10/14/2025,14,15,6,25410035,30,50,230/400,(22.5 / 25) kVA,BAUDOUIN,4M06G2D0/S,5624K015100,BRUSHLESS AC SYNCHRO. ALTERNATOR,S184G18D7,25060018KS014,DSE 4520 MKII,10952690
P03951,09908 R1,29/09/2025,10/08/2025,10/11/2025,10/13/2025,12,14,4,25410036,135-150,50,230/400,(100 / 110) kVA,CUMMINS,6BTA5.9-G2,93486016,AQT,A08C369593,0523860/110,DSE 4520 MKII,10891847
P03913,9772,25/09/2025,10/10/2025,10/11/2025,10/11/2025,16,16,2,25410037,80-100,50,230/415,(60 / 66) kVA,CUMMINS,4BTA3.9G2,72088044,LEROY SOMER,TAL042H,46154800010,DSE 6120 MKIII,10851458
P03913,9772,25/09/2025,10/10/2025,10/11/2025,10/11/2025,16,16,2,25410038,80-100,50,230/415,(60 / 66) kVA,CUMMINS,4BTA3.9G2,72088182,LEROY SOMER,TAL042H,46154800012,DSE 6120 MKIII,10851507
P03913,9772,25/09/2025,10/10/2025,10/11/2025,10/11/2025,16,16,2,25410039,135-150,50,230/415,(100 / 110) kVA,CUMMINS,6BTA5.9-G2,93486028,LEROY SOMER,TAL044D,46084400013,DSE 6120 MKIII,10854161
P04037,9953,07/10/2025,10/10/2025,10/14/2025,10/14/2025,7,7,5,25420001,45-60,60,220/380,(68 / 75) kVA,PERKINS,1103A-33TG2,DK32000U640930L,LEROY SOMER,TAL042H,40148800011,DSE 4520 MKII,10953119
4U Power-2,9219,04/09/2025,10/10/2025,10/14/2025,10/14/2025,40,40,5,25420002,30,60,220/380,(30 / 33) kVA,BAUDOUIN,4M06G4D0/S,5624J011943,AQT,A06I639408,0212308/035,DSE 4520 MKII,10952693
4U Power-1,9219,04/09/2025,10/10/2025,10/14/2025,10/14/2025,40,40,5,25420003,30,60,220/380,(22.5 / 25) kVA,BAUDOUIN,4M06G2D0/S,5624K015099,AQT,A06I630039,02120341/025,DSE 4520 MKII,10817045
4U Power-1,9219,04/09/2025,10/10/2025,10/14/2025,10/14/2025,40,40,5,25420004,30,60,220/380,(22.5 / 25) kVA,BAUDOUIN,4M06G2D0/S,5624J012761,AQT,A06I630039,02120340/025,DSE 4520 MKII,10817050
4U Power-2,9219,04/09/2025,10/10/2025,10/14/2025,10/14/2025,40,40,5,25420005,30,60,220/380,(30 / 33) kVA,BAUDOUIN,4M06G4D0/S,5624J013054,AQT,A06I639408,0212309/035,DSE 4520 MKII,10816674
P03993,9952,02/10/2025,10/10/2025,10/14/2025,10/14/2025,12,12,5,25420006,20,60,230 V,(11.2 / 12.4) kVA,KUBOTA,D1105-E2-BG,1RR2436,BRUSHLESS AC SYNCHRO. ALTERNATOR,S164G88B2,250608.8KS003,DSE 4520 MKII,10816705
P03993,9952,02/10/2025,10/10/2025,10/14/2025,10/14/2025,12,12,5,25420007,20,60,230 V,(11.2 / 12.4) kVA,KUBOTA,D1105-E2-BG,1RQ4880,BRUSHLESS AC SYNCHRO. ALTERNATOR,S164G88B2,250608.8KS011,DSE 4520 MKII,10953129
P03993,9952,02/10/2025,10/10/2025,10/14/2025,10/14/2025,12,12,5,25420008,20,60,230 V,(11.2 / 12.4) kVA,KUBOTA,D1105-E2-BG,1RQ5137,BRUSHLESS AC SYNCHRO. ALTERNATOR,S164G88B2,250608.8KS008,DSE 4520 MKII,10816709
P03992,8916,02/10/2025,10/10/2025,10/14/2025,10/14/2025,12,12,5,25420009,350-500 OPEN,60,220/380,(569 / 625) kVA,CUMMINS,QSZ13G3,93921637,BRUSHLESS AC SYNCHRO. ALTERNATOR,FPA35-4042,K25065513,DSE 7320 MKII,10897477
P03919,07135 R2,26/09/2025,10/13/2025,10/14/2025,10/14/2025,18,18,2,25420010,300,60,220/380,(245 / 269) kVA,PERKINS,1506A-E88TAG1,LGDF1012N21467L,LEROY SOMER,TAL046D,464325004,DSE 6120 MKIII,10938558
P03867,9716,22/09/2025,10/13/2025,10/17/2025,10/17/2025,25,25,5,25420011,80-100,60,220/380,(68 / 75) kVA,CUMMINS,4BTA3.9G2,72088080,STAMFORD,S1L2-Y1,G25E207637,DSE 4520 MKII,10817049
P03867,9716,22/09/2025,10/13/2025,10/17/2025,10/17/2025,25,25,5,25420012,80-100,60,220/380,(68 / 75) kVA,CUMMINS,4BTA3.9G2,72088163,STAMFORD,S1L2-Y1,G25E207633,DSE 4520 MKII,10953123
P03813,9552,15/09/2025,10/13/2025,10/15/2025,10/17/2025,30,32,3,25420013,80-100,50,220/380,(72 / 80) kVA,CUMMINS,4BTA3.9G11,93506307,LEROY SOMER,TAL044B,46141700036,DSE 6120 MKIII,10851453
P03813,9552,15/09/2025,10/13/2025,10/15/2025,10/17/2025,30,32,3,25420014,80-100,50,220/380,(72 / 80) kVA,CUMMINS,4BTA3.9G11,93508688,LEROY SOMER,TAL044B,46141700035,DSE 6120 MKIII,10938326
P03878,9798,23/09/2025,10/13/2025,10/15/2025,10/17/2025,22,22,3,25420015,80-100,60,220/380,(68 / 75) kVA,CUMMINS,4BTA3.9G2,72074265,LEROY SOMER,TAL042H,46154800011,DSE 4520 MKII,10952684
P03879,9780,23/09/2025,10/15/2025,10/17/2025,10/17/2025,24,24,3,25420016,80-100,60,220/380,(90 / 100) kVA,CUMMINS,4BTA3.9G11,93506311,BRUSHLESS AC SYNCHRO. ALTERNATOR,NS224G64D8,23020064KS048,DSE 4520 MKII,10816702
P03879,9780,23/09/2025,10/15/2025,10/17/2025,10/17/2025,24,24,3,25420017,80-100,60,220/380,(90 / 100) kVA,CUMMINS,4BTA3.9G11,93496825,BRUSHLESS AC SYNCHRO. ALTERNATOR,NS224G64D8,23020064KS041,DSE 4520 MKII,10952832
P03939,9929,29/09/2025,10/15/2025,10/17/2025,10/17/2025,18,18,3,25420018,135-150,60,230/400,(152 / 169) kVA,CUMMINS,6BTAA5.9G2,84587870,LEROY SOMER,TAL044H,45255100005,DSE 6120 MKIII,10851705
P03939,9929,29/09/2025,10/15/2025,10/17/2025,10/17/2025,18,18,3,25420019,135-150,60,230/400,(152 / 169) kVA,CUMMINS,6BTAA5.9G2,84588262,LEROY SOMER,TAL044H,45255100004,DSE 6120 MKIII,10938574
P03987,8062,02/10/2025,10/16/2025,10/17/2025,10/17/2025,15,15,2,25420020,80-100,60,220/380,(90 / 100) kVA,PERKINS,1104A-44TG2,RS51277R061485L,BRUSHLESS AC SYNCHRO. ALTERNATOR,S224G64D8,25060064KS015,DSE 4520 MKII,10953152
P03877,9375,23/09/2025,10/16/2025,10/17/2025,10/17/2025,24,24,2,25420021,150 SS,60,220/380,(152 / 169) kVA,PERKINS,1106A-70TAG1,PP82576U084203H,LEROY SOMER,TAL044H,40150500006,DSE 4520 MKII,10952702
P04040,10179 R1,07/10/2025,10/17/2025,10/19/2025,11/06/2025,12,30,3,25420022,45-60,50,230/400,(45 / 50) kVA,PERKINS,1103A-33TG1,DK83398S086865L,LEROY SOMER,TAL042F,46154700052,DSE 4520 MKII,10952715
P04040,10179 R1,07/10/2025,10/17/2025,10/19/2025,11/06/2025,12,30,3,25420023,30,50,230/400,(30 / 33) kVA,PERKINS,1103A-33G,DJ83401S095257L,LEROY SOMER,TAL042C,46149100056,DSE 4520 MKII,10891871
P04040,10179 R1,07/10/2025,10/17/2025,10/19/2025,11/06/2025,12,30,3,25420024,45-60,50,230/400,(60 / 66) kVA,PERKINS,1103A-33TG2,DK83403S092888L,LEROY SOMER,TAL042H,45477400007,DSE 4520 MKII,10953121
P04040,10179 R1,07/10/2025,10/17/2025,10/19/2025,11/06/2025,12,30,3,25420025,45-60,50,230/400,(60 / 66) kVA,PERKINS,1103A-33TG2,DK83403S092889L,LEROY SOMER,TAL042H,46043700002,DSE 4520 MKII,10952705
P04040,10179 R1,07/10/2025,10/17/2025,10/19/2025,11/06/2025,12,30,3,25420026,80-100,50,230/400,(90 / 100) kVA,PERKINS,1104C-44TAG2,RJ51175R062160L,LEROY SOMER,TAL044D,46310300003,DSE 4520 MKII,10952704
P03985,9811,02/10/2025,10/16/2025,10/21/2025,10/21/2025,19,19,6,25420027,45-60 SS HIGH TANK,60,220/380,(68 / 75) kVA,PERKINS,1103A-33TG2,DK83403S092887L,LEROY SOMER,TAL042H,46238800014,DSE 4520 MKII,10953122
P03985,9811,02/10/2025,10/16/2025,10/21/2025,10/21/2025,19,19,6,25420028,45-60 SS HIGH TANK,60,220/380,(68 / 75) kVA,PERKINS,1103A-33TG2,DK83403S092886L,LEROY SOMER,TAL042H,46238800015,DSE 4520 MKII,10952713
P03985,9811,02/10/2025,10/16/2025,10/21/2025,10/21/2025,19,19,6,25420029,45-60 SS HIGH TANK,60,220/380,(68 / 75) kVA,PERKINS,1103A-33TG2,DK83403S093278L,LEROY SOMER,TAL042H,46238800014,DSE 4520 MKII,10953140
P03985,9811,02/10/2025,10/16/2025,10/21/2025,10/21/2025,19,19,6,25420030,45-60 SS HIGH TANK,60,220/380,(68 / 75) kVA,PERKINS,1103A-33TG2,DK83403S093277L,LEROY SOMER,TAL042H,46043700002,DSE 4520 MKII,10953131
P04044,10207,08/10/2025,10/16/2025,10/21/2025,10/21/2025,13,13,6,25430001,80-100,60,220/380,(114 / 125) kVA,PERKINS,1104C-44TAG2,RJ51175U761941L,LEROY SOMER,TAL044D,46084300015,DSE 4520 MKII,10953132
P04044,10207,08/10/2025,10/16/2025,10/21/2025,10/21/2025,13,13,6,25430002,80-100,60,220/380,(114 / 125) kVA,PERKINS,1104C-44TAG2,RJ51175U762028L,LEROY SOMER,TAL044D,46084300016,DSE 4520 MKII,10891904
P04044,10207,08/10/2025,10/16/2025,10/21/2025,10/21/2025,13,13,6,25430003,45-60,60,220/380,(68 / 75) kVA,PERKINS,1103A-33TG2,DK32000U639816L,LEROY SOMER,TAL042H,46238800013,DSE 4520 MKII,10816898
P04044,10207,08/10/2025,10/16/2025,10/21/2025,10/21/2025,13,13,6,25430004,135-150,60,220/380,(152 / 169) kVA,PERKINS,1106A-70TAG1,PP82576U094832K,LEROY SOMER,TAL044H,40518300011,DSE 4520 MKII,10816696
P04044,10207,08/10/2025,10/16/2025,10/21/2025,10/21/2025,13,13,6,25430005,135-150,60,220/380,(152 / 169) kVA,PERKINS,1106A-70TAG1,PP82576U097578L,LEROY SOMER,TAL044H,40518300012,DSE 4520 MKII,10816666
P04118,9014,16/10/2025,10/20/2025,10/21/2025,10/21/2025,5,5,2,R25430006,80-100,60,400,(114 / 125) kVA,PERKINS,1104C-44TAG2,RJ51175U759833L,AQT,A09C167921,0259732/127,DSE 4520 MKII,10723559
P04118,9014,16/10/2025,10/20/2025,10/21/2025,10/21/2025,5,5,2,R25430007,45-60,60,400,(53.1 / 58.7) kVA,PERKINS,1103A-33TG1,DK32037U637719L,AQT,A06I639410,0259032/059,DSE 4520 MKII,10830527
P04118,9014,16/10/2025,10/20/2025,10/21/2025,10/21/2025,5,5,2,25430008,80-100,60,400,(114 / 125) kVA,PERKINS,1104C-44TAG2,RJ51175R062157L,AQT,A09C167921,0259733/127,DSE 4520 MKII,11032551
P04016,10098,06/10/2025,10/20/2025,10/22/2025,10/23/2025,16,17,3,25430009,350-500 OPEN,60,220/380,(450 / 500) kVA,CUMMINS,QSZ13G7,93924035,LEROY SOMER,TALA473A,824563010,DSE 6120 MKIII,10854056
P04019,09453 R2,06/10/2025,10/20/2025,10/22/2025,10/23/2025,16,17,3,25430010,250 SS,60,220/380,(250 / 275) kVA,CUMMINS,6LTAA8.9G2,93484128,LEROY SOMER,TAL046D,46141900006,DSE 8610 MKII,10930740
P04019,09453 R2,06/10/2025,10/20/2025,10/22/2025,10/23/2025,16,17,3,25430011,250 SS,60,220/380,(250 / 275) kVA,CUMMINS,6LTAA8.9G2,93478027,LEROY SOMER,TAL046D,46313300004,DSE 8610 MKII,11045968
P04019,09453 R2,06/10/2025,10/20/2025,10/22/2025,10/23/2025,16,17,3,25430012,250 SS,60,220/380,(250 / 275) kVA,CUMMINS,6LTAA8.9G2,93480881,LEROY SOMER,TAL046D,46142000007,DSE 8610 MKII,11045930
P04019,09453 R2,06/10/2025,10/20/2025,10/22/2025,10/23/2025,16,17,3,25430013,250 SS,60,220/380,(250 / 275) kVA,CUMMINS,6LTAA8.9G2,93478016,LEROY SOMER,TAL046D,46142000001,DSE 8610 MKII,11045919
P04051,10219,09/10/2025,10/20/2025,10/24/2025,10/24/2025,15,15,5,25430014,45-60,60,230/400,(63 / 69) KVA,BAUDOUIN,4M06G10D0/S,5624J012892,STAMFORD,S1L2-Y1,G25A032459,COMAP INTELIGEN 200,2209032A
P04051,10219,09/10/2025,10/20/2025,10/24/2025,10/24/2025,15,15,5,25430015,45-60,60,230/400,(63 / 69) KVA,BAUDOUIN,4M06G10D0/S,5624J012895,STAMFORD,S1L2-Y1,G25A032452,COMAP INTELIGEN 200,2025007D
P04066,10090,10/10/2025,10/21/2025,,,,,,25430016,20,60,220/380,(24 / 27) kVA,PERKINS,404D-22G1,GN83537U094275L,LEROY SOMER,TAL040F,46083700008,DSE 4520 MKII,11032511
P04158,10507,10/21/2025,10/21/2025,,,,,,25430017,45-60,50,230/400,(60 / 66) kVA,PERKINS,1103A-33TG2,DK32000U639820L,LEROY SOMER,TAL042H,39990500019,DSE 4520 MKII,11032480
P04063,10278,10/10/2025,10/20/2025,,,,,,25430018,80-100,60,220/380,(68 / 75) kVA,CUMMINS,4BTA3.9G2,93506308,LEROY SOMER,TAL042H,46238800015,DSE 4520 MKII,11032546
P04102,10298 R1,15/10/2025,10/20/2025,10/23/2025,10/23/2025,8,8,4,R25430019,20,50,230/400,(24 / 27) kVA,PERKINS,404A-22G1,GV83540U097737L,AQT,A0/K910023,0234174/022,DSE 4520 MKII,10524641
P04109,10310,15/10/2025,10/23/2025,10/25/2025,10/25/2025,10,10,3,25430020,9-20 High Tank,60,220/380,(24.2 / 26.6) kVA,PERKINS,404D-22G1,GN83537U094902L,LEROY SOMER,TAL040F,45682800141,DSE 4520 MKII,11032526
P04109,10310,15/10/2025,10/23/2025,10/25/2025,10/25/2025,10,10,3,25430021,9-20 High Tank,60,220/380,(24.2 / 26.6) kVA,PERKINS,404D-22G1,GN83537U095378L,LEROY SOMER,TAL040F,45682800022,DSE 4520 MKII,11032469
P04109,10310,15/10/2025,10/23/2025,10/25/2025,10/25/2025,10,10,3,25430022,9-20 High Tank,60,220/380,(24.2 / 26.6) kVA,PERKINS,404D-22G1,GN83537U094336L,LEROY SOMER,TAL040F,45682800231,DSE 4520 MKII,11032881
P04109,10310,15/10/2025,10/23/2025,10/25/2025,10/25/2025,10,10,3,25430023,9-20 High Tank,60,220/380,(24.2 / 26.6) kVA,PERKINS,404D-22G1,GN83537U094852L,LEROY SOMER,TAL040F,45682800229,DSE 4520 MKII,11032541
P04109,10310,15/10/2025,10/23/2025,10/25/2025,10/25/2025,10,10,3,25430024,9-20 High Tank,60,220/380,(24.2 / 26.6) kVA,PERKINS,404D-22G1,GN83537U094276L,LEROY SOMER,TAL040F,45682800230,DSE 4520 MKII,11032516
P04109,10310,15/10/2025,10/23/2025,10/25/2025,10/25/2025,10,10,3,25430025,9-20 High Tank,60,220/380,(24.2 / 26.6) kVA,PERKINS,404D-22G1,GN83537U094274L,LEROY SOMER,TAL040F,45682800234,DSE 4520 MKII,11032483
P04109,10310,15/10/2025,10/23/2025,10/25/2025,10/25/2025,10,10,3,25430026,9-20 High Tank,60,220/380,(24.2 / 26.6) kVA,PERKINS,404D-22G1,GN83537U094855L,LEROY SOMER,TAL040F,45682800143,DSE 4520 MKII,11032468
P04109,10310,15/10/2025,10/23/2025,10/25/2025,10/25/2025,10,10,3,25430027,9-20 High Tank,60,220/380,(24.2 / 26.6) kVA,PERKINS,404D-22G1,GN83537U094793L,LEROY SOMER,TAL040F,45682800024,DSE 4520 MKII,11032479
P04109,10310,15/10/2025,10/23/2025,10/25/2025,10/25/2025,10,10,3,25430028,9-20 High Tank,60,220/380,(24.2 / 26.6) kVA,PERKINS,404D-22G1,GN83537U094340L,LEROY SOMER,TAL040F,45682800144,DSE 4520 MKII,11032556
P04109,10310,15/10/2025,10/23/2025,10/25/2025,10/25/2025,10,10,3,25430029,9-20 High Tank,60,220/380,(24.2 / 26.6) kVA,PERKINS,404D-22G1,GN83537U094268L,LEROY SOMER,TAL040F,45682800142,DSE 4520 MKII,11032485
P04109,10310,15/10/2025,10/23/2025,10/25/2025,10/25/2025,10,10,3,25430030,9-20 High Tank,60,220/380,(24.2 / 26.6) kVA,PERKINS,404D-22G1,GN83537U094214L,LEROY SOMER,TAL040F,45682800139,DSE 4520 MKII,11032521
P04109,10310,15/10/2025,10/23/2025,10/25/2025,10/25/2025,10,10,3,25430031,9-20 High Tank,60,220/380,(24.2 / 26.6) kVA,PERKINS,404D-22G1,GN83537U094272L,LEROY SOMER,TAL040F,45682800140,DSE 4520 MKII,11032536
P04103,10369,15/10/2025,10/23/2025,10/25/2025,10/28/2025,10,13,3,25430032,80-100,60,230/400,(90 / 100) kVA,PERKINS,1104A-44TG2,RS51277R062169L,AQT,A06I639409,0213221/101,DSE 4520 MKII,11032484
P04064,10168,10/10/2025,10/23/2025,10/25/2025,10/25/2025,15,15,3,25430033,300,60,220/380,(225 / 250) kVA,PERKINS,1206A-E70TTAG1,BP84126U009506K,LEROY SOMER,TAL046D,46085000003,DSE 6120 MKIII,10851524
P04085,10241,13/10/2025,10/23/2025,10/25/2025,10/25/2025,12,12,3,25430034,135-150,60,110/220,(152 / 169) kVA,PERKINS,1106A-70TAG1,PP82576U097428L,STAMFORD,UCI274E1,N25F265604,DSE 4520 MKII,10952698
P03672,6204,03/09/2025,,10/28/2025,10/29/2025,55,56,,25430035,350-500,60,220/380,(569 / 625) kVA,CUMMINS,KTA19G4,25505536,LEROY SOMER,TAL0473C,46415600004,DSE 7310 MKII,10638240
P03672,6204,03/09/2025,,10/28/2025,10/29/2025,55,56,,25430036,350-500,60,220/380,(569 / 625) kVA,CUMMINS,KTA19G4,25505422,LEROY SOMER,TAL0473C,46415600005,DSE 7310 MKII,10638236
P04119,10415,17/10/2025,10/23/2025,10/29/2025,10/29/2025,12,12,7,25430037,135-150,60,220/380,(114 / 125) kVA,BAUDOUIN,4M10G6D0/S,5724K008415,LEROY SOMER,TALA44E,855586005,DSE 4520 MKII,11032474
P04119,10415,17/10/2025,10/23/2025,10/29/2025,10/29/2025,12,12,7,25430038,300,60,220/380,(225 / 250) kVA,BAUDOUIN,6M16G2D0/S,4924J005415,LEROY SOMER,TAL046D,46141800008,DSE 6120 MKIII,10938561
P04064,10168,10/10/2025,10/23/2025,10/25/2025,10/25/2025,15,15,3,25430039,30 High Tank,60,220/380,(35 / 38.2) kVA,PERKINS,1103A-33G,DJ32003U639430L,LEROY SOMER,TAL042C,40146500006,DSE 4520 MKII,10891953
P04130,10405,18/10/2025,10/23/2025,10/25/2025,10/28/2025,7,10,3,25430040,180-200,60,220/380,(152 / 169) kVA,CUMMINS,6BTAA5.9G2,84564401,BRUSHLESS AC SYNCHRO. ALTERNATOR,LYG274D,2520041,DSE 6120 MKIII,10854007
P04060,9964,09/10/2025,,10/25/2025,10/25/2025,16,16,,25430041,20,60,220/380,(10.7 / 12.1) kVA,PERKINS,403A-11G1,GT51789U099554L,AQT,A06I640275,0213170/012,DSE 4520 MKII,11032886
P04060,9964,09/10/2025,,10/25/2025,10/25/2025,16,16,,25430042,20,60,220/380,(10.7 / 12.1) kVA,PERKINS,403A-11G1,GT51789U099553L,AQT,A06I640275,0213169/012,DSE 4520 MKII,11032887
P04130,10405,18/10/2025,10/23/2025,10/25/2025,10/28/2025,7,10,3,25440001,180-200,60,220/380,(152 / 169) kVA,CUMMINS,6BTAA5.9G2,84564592,BRUSHLESS AC SYNCHRO. ALTERNATOR,LYG274D,2520042,DSE 6120 MKIII,10554670
P04119,10415,17/10/2025,10/29/2025,10/29/2025,10/29/2025,12,12,1,25440002,Tower Light,60,220/380,(15 / 17) kVA,KUBOTA,V1505-E2-BG,1RJ8803,BRUSHLESS AC SYNCHRO. ALTERNATOR,S164G108B3,18110010.8KS009,DSE 4520 MKII,10922552
,,,,,,0,0,1,,,,,,,,,,,,,
,,,,,,0,0,1,,,,,,,,,,,,,
,,,,,,0,0,1,,,,,,,,,,,,,
,,,,,,0,0,1,,,,,,,,,,,,,
,,,,,,0,0,1,,,,,,,,,,,,,
,,,,,,0,0,1,,,,,,,,,,,,,
,,,,,,0,0,1,,,,,,,,,,,,,
,,,,,,0,0,1,,,,,,,,,,,,,
,,,,,,0,0,1,,,,,,,,,,,,,
,,,,,,0,0,1,,,,,,,,,,,,,
,,,,,,0,0,1,,,,,,,,,,,,,
,,,,,,0,0,1,,,,,,,,,,,,,
,,,,,,0,0,1,,,,,,,,,,,,,
,,,,,,0,0,1,,,,,,,,,,,,,
,,,,,,0,0,1,,,,,,,,,,,,,
,,,,,,0,0,1,,,,,,,,,,,,,
,,,,,,0,0,1,,,,,,,,,,,,,
,,,,,,0,0,1,,,,,,,,,,,,,
,,,,,,0,0,1,,,,,,,,,,,,,
,,,,,,0,0,1,,,,,,,,,,,,,
,,,,,,0,0,1,,,,,,,,,,,,,
,,,,,,0,0,1,,,,,,,,,,,,,
,,,,,,0,0,1,,,,,,,,,,,,,
,,,,,,0,0,1,,,,,,,,,,,,,
,,,,,,0,0,1,,,,,,,,,,,,,
,,,,,,0,0,1,,,,,,,,,,,,,
,,,,,,0,0,1,,,,,,,,,,,,,
,,,,,,0,0,1,,,,,,,,,,,,,
,,,,,,0,0,1,,,,,,,,,,,,,
,,,,,,0,0,1,,,,,,,,,,,,,
,,,,,,0,0,1,,,,,,,,,,,,,
,,,,,,0,0,1,,,,,,,,,,,,,
,,,,,,0,0,1,,,,,,,,,,,,,
,,,,,,0,0,1,,,,,,,,,,,,,
,,,,,,0,0,1,,,,,,,,,,,,,
,,,,,,0,0,1,,,,,,,,,,,,,
,,,,,,0,0,1,,,,,,,,,,,,,
,,,,,,0,0,1,,,,,,,,,,,,,
,,,,,,0,0,1,,,,,,,,,,,,,
,,,,,,0,0,1,,,,,,,,,,,,,
,,,,,,0,0,1,,,,,,,,,,,,,
,,,,,,0,0,1,,,,,,,,,,,,,
,,,,,,0,0,1,,,,,,,,,,,,,
,,,,,,0,0,1,,,,,,,,,,,,,
,,,,,,0,0,1,,,,,,,,,,,,,
,,,,,,0,0,1,,,,,,,,,,,,,
,,,,,,0,0,1,,,,,,,,,,,,,
,,,,,,0,0,1,,,,,,,,,,,,,
,,,,,,0,0,1,,,,,,,,,,,,,
,,,,,,0,0,1,,,,,,,,,,,,,
,,,,,,0,0,1,,,,,,,,,,,,,
,,,,,,0,0,1,,,,,,,,,,,,,
,,,,,,0,0,1,,,,,,,,,,,,,
,,,,,,0,0,1,,,,,,,,,,,,,
,,,,,,0,0,1,,,,,,,,,,,,,
,,,,,,0,0,1,,,,,,,,,,,,,
,,,,,,0,0,1,,,,,,,,,,,,,
,,,,,,0,0,1,,,,,,,,,,,,,
,,,,,,0,0,1,,,,,,,,,,,,,
,,,,,,0,0,1,,,,,,,,,,,,,
,,,,,,0,0,1,,,,,,,,,,,,,
,,,,,,0,0,1,,,,,,,,,,,,,
,,,,,,0,0,1,,,,,,,,,,,,,
,,,,,,0,0,1,,,,,,,,,,,,,
,,,,,,0,0,1,,,,,,,,,,,,,
,,,,,,0,0,1,,,,,,,,,,,,,
,,,,,,0,0,1,,,,,,,,,,,,,
,,,,,,0,0,1,,,,,,,,,,,,,
,,,,,,0,0,1,,,,,,,,,,,,,
,,,,,,0,0,1,,,,,,,,,,,,,
,,,,,,0,0,1,,,,,,,,,,,,,
,,,,,,0,0,1,,,,,,,,,,,,,
,,,,,,0,0,1,,,,,,,,,,,,,
,,,,,,0,0,1,,,,,,,,,,,,,
,,,,,,0,0,1,,,,,,,,,,,,,
,,,,,,0,0,1,,,,,,,,,,,,,
,,,,,,0,0,1,,,,,,,,,,,,,
,,,,,,0,0,1,,,,,,,,,,,,,
,,,,,,0,0,1,,,,,,,,,,,,,
,,,,,,0,0,1,,,,,,,,,,,,,
,,,,,,0,0,1,,,,,,,,,,,,,
,,,,,,0,0,1,,,,,,,,,,,,,
,,,,,,0,0,1,,,,,,,,,,,,,
,,,,,,0,0,1,,,,,,,,,,,,,
,,,,,,0,0,1,,,,,,,,,,,,,
,,,,,,0,0,1,,,,,,,,,,,,,
,,,,,,0,0,1,,,,,,,,,,,,,
,,,,,,0,0,1,,,,,,,,,,,,,
,,,,,,0,0,1,,,,,,,,,,,,,
,,,,,,0,0,1,,,,,,,,,,,,,
,,,,,,0,0,1,,,,,,,,,,,,,
,,,,,,0,0,1,,,,,,,,,,,,,
,,,,,,0,0,1,,,,,,,,,,,,,
,,,,,,0,0,1,,,,,,,,,,,,,
,,,,,,0,0,1,,,,,,,,,,,,,
,,,,,,0,0,1,,,,,,,,,,,,,
,,,,,,0,0,1,,,,,,,,,,,,,
,,,,,,0,0,1,,,,,,,,,,,,,
,,,,,,0,0,1,,,,,,,,,,,,,
,,,,,,0,0,1,,,,,,,,,,,,,
,,,,,,0,0,1,,,,,,,,,,,,,
,,,,,,0,0,1,,,,,,,,,,,,,
,,,,,,0,0,1,,,,,,,,,,,,,
,,,,,,0,0,1,,,,,,,,,,,,,
,,,,,,0,0,1,,,,,,,,,,,,,
,,,,,,0,0,1,,,,,,,,,,,,,
,,,,,,0,0,1,,,,,,,,,,,,,
,,,,,,0,0,1,,,,,,,,,,,,,
,,,,,,0,0,1,,,,,,,,,,,,,
,,,,,,0,0,1,,,,,,,,,,,,,
,,,,,,0,0,1,,,,,,,,,,,,,
,,,,,,0,0,1,,,,,,,,,,,,,
,,,,,,0,0,1,,,,,,,,,,,,,
,,,,,,0,0,1,,,,,,,,,,,,,
,,,,,,0,0,1,,,,,,,,,,,,,
,,,,,,0,0,1,,,,,,,,,,,,,
,,,,,,0,0,1,,,,,,,,,,,,,
,,,,,,0,0,1,,,,,,,,,,,,,
,,,,,,0,0,1,,,,,,,,,,,,,
,,,,,,0,0,1,,,,,,,,,,,,,
,,,,,,0,0,1,,,,,,,,,,,,,
,,,,,,0,0,1,,,,,,,,,,,,,
,,,,,,0,0,1,,,,,,,,,,,,,
,,,,,,0,0,1,,,,,,,,,,,,,
,,,,,,0,0,1,,,,,,,,,,,,,
,,,,,,0,0,1,,,,,,,,,,,,,
,,,,,,0,0,1,,,,,,,,,,,,,
,,,,,,0,0,1,,,,,,,,,,,,,
,,,,,,0,0,1,,,,,,,,,,,,,
,,,,,,0,0,1,,,,,,,,,,,,,
,,,,,,0,0,1,,,,,,,,,,,,,
,,,,,,0,0,1,,,,,,,,,,,,,
,,,,,,0,0,1,,,,,,,,,,,,,
,,,,,,0,0,1,,,,,,,,,,,,,
,,,,,,0,0,1,,,,,,,,,,,,,
,,,,,,0,0,1,,,,,,,,,,,,,
,,,,,,0,0,1,,,,,,,,,,,,,
,,,,,,0,0,1,,,,,,,,,,,,,
,,,,,,0,0,1,,,,,,,,,,,,,
